{
    "Player": {
        "ArmL Translation": [
            -1.5,
            5.0,
            0.0
        ],
        "ArmR Translation": [
            1.5,
            5.0,
            0.0
        ],
        "Head Translation": [
            0.0,
            0.4000000059604645,
            0.0
        ],
        "floatingAmplitude": 1.0420000553131104,
        "floatingCycleBody": 36,
        "floatingCycle_Arms": 17
    }
}
